"TRNS_TYPE","TRNS_DT","AMOUNT","WITHWHOM","DESCRIP","PAIDWITH","ADDRESS","KEYWORD1","KEYWORD2","KEYWORD3"
"E","01/21/2015",40.66,"GIANT FOOD","Groceries","AmExpress Visa","229 KENTLANDS BLVD
GAITHERSBURG
MD","Groceries",,
"E","01/24/2015",16.66,"GIANT 150","Groceries","AmExpress Visa","46 BUREAU DR
GAITHERSBURG
MD","Groceries",,
"E","01/24/2015",49.62,"GIANT FOOD","Groceries","AmExpress Visa","229 KENTLANDS BLVD
GAITHERSBURG
MD","Groceries",,
"E","01/26/2015",76.37,"GIANT 150","Groceries","AmExpress Visa","46 BUREAU DR
GAITHERSBURG
MD","Groceries",,
"E","01/26/2015",13.14,"JASMINE GARDEN","Restaurant","AmExpress Visa","8106 ARLINGTON BLVD
FALLS CHURCH
VA","Restaurant",,
"E","01/27/2015",13.47,"GIANT FOOD","Groceries","AmExpress Visa","229 KENTLANDS BLVD
GAITHERSBURG
MD","Groceries",,
"E","01/27/2015",10.34,"GOOD FORTUNE CAFE","Restaurant","AmExpress Visa","237A KENTLANDS BLVD
GAITHERSBURG
MD","Restaurant",,
"E","01/29/2015",75.00,"AmExpress Visa","Annual Fee","AmExpress Visa",,"Fees",,
"E","01/29/2015",51.47,"WHOLE FOODS MARKET","Groceries","AmExpress Visa","316 KENTLANDS BLVD
GAITHERSBURG
MD","Groceries",,
"E","02/01/2015",16.93,"MICHAELS","Art Supplies","AmExpress Visa","821 CENTER POINT WAY
GAITHERSBURG
MD","Art Supplies",,
"E","02/01/2015",43.93,"WHOLE FOODS MARKET","Groceries","AmExpress Visa","316 KENTLANDS BLVD
GAITHERSBURG
MD","Groceries",,
"E","02/02/2015",8.11,"GIANT FOOD","Groceries","AmExpress Visa","229 KENTLANDS BLVD
GAITHERSBURG
MD","Groceries",,
"E","02/02/2015",11.39,"GOOD FORTUNE CAFE","Restaurant","AmExpress Visa","237A KENTLANDS BLVD
GAITHERSBURG
MD","Restaurant",,
"E","02/02/2015",84.79,"STAPLES","Printer: HP ENVY 4500 
 ","AmExpress Visa","660 QUINCE ORCHARD RD
GAITHERSBURG
MD","Office Supplies",,
"E","02/08/2015",60.33,"GIANT FOOD","Groceries","AmExpress Visa","229 KENTLANDS BLVD
GAITHERSBURG
MD","Groceries",,
"E","02/08/2015",21.06,"LOWE'S","Unknown","AmExpress Visa","40 MARKET ST
GAITHERSBURG
MD","Hardware",,
"E","02/09/2015",52.93,"PROVIDE COMMERCE","Flowers","AmExpress Visa","4840 EASTGATE MALL
SAN DIEGO
CA","Flowers","Gift",
"E","02/11/2015",10.39,"GOOD FORTUNE CAFE","Restaurant","AmExpress Visa","237A KENTLANDS BLVD
GAITHERSBURG
MD","Restaurant",,
"E","02/12/2015",67.45,"WHOLE FOODS MARKET","Groceries","AmExpress Visa","316 KENTLANDS BLVD
GAITHERSBURG
MD","Groceries",,
"E","02/14/2015",7.40,"EINSTEIN BROS BAGELS","Restaurant","AmExpress Visa","531 QUINCE ORCHARD RD
GAITHERSBURG
MD","Restaurant",,
"E","02/14/2015",22.19,"GIANT 150","Groceries","AmExpress Visa","46 BUREAU DR
GAITHERSBURG
MD","Groceries",,
"E","02/16/2015",8.46,"LOWE'S","Unknown","AmExpress Visa","40 MARKET ST
GAITHERSBURG
MD","Hardware",,
"E","02/16/2015",28.87,"WHOLE FOODS MARKET","Groceries","AmExpress Visa","316 KENTLANDS BLVD
GAITHERSBURG
MD","Groceries",,
"E","02/17/2015",2.16,"GIANT FOOD","Groceries","AmExpress Visa","229 KENTLANDS BLVD
GAITHERSBURG
MD","Groceries",,
"E","02/17/2015",12.98,"GIANT FOOD","Groceries","AmExpress Visa","229 KENTLANDS BLVD
GAITHERSBURG
MD","Groceries",,
"E","02/17/2015",13.15,"THE HOME DEPOT","Unknown","AmExpress Visa","15740 SHADY GROVE RD
GAITHERSBURG
MD","Hardware",,
"E","02/19/2015",22.29,"GIANT 150","Groceries","AmExpress Visa","46 BUREAU DR
GAITHERSBURG
MD","Groceries",,
"E","02/19/2015",2.50,"GIANT FOOD","Groceries","AmExpress Visa","229 KENTLANDS BLVD
GAITHERSBURG
MD","Groceries",,
"E","02/19/2015",6.83,"GIANT FOOD","Groceries","AmExpress Visa","229 KENTLANDS BLVD
GAITHERSBURG
MD","Groceries",,
"E","02/21/2015",30.41,"WHOLE FOODS MARKET","Groceries","AmExpress Visa","316 KENTLANDS BLVD
GAITHERSBURG
MD","Groceries",,
"E","02/23/2015",1.94,"GIANT FOOD","Groceries","AmExpress Visa","229 KENTLANDS BLVD
GAITHERSBURG
MD","Groceries",,
"E","02/23/2015",31.45,"GIANT FOOD","Groceries","AmExpress Visa","229 KENTLANDS BLVD
GAITHERSBURG
MD","Groceries",,
"E","03/01/2015",28.37,"GIANT 150","Groceries","AmExpress Visa","46 BUREAU DR
GAITHERSBURG
MD","Groceries",,
"E","03/01/2015",40.62,"OPEN ROAD","Restaurant","AmExpress Visa","8100 LEE HIGHWAY
FALLS CHRURCH
VA","Restaurant",,
"E","03/03/2015",81.95,"WHOLE FOODS MARKET","Groceries","AmExpress Visa","316 KENTLANDS BLVD
GAITHERSBURG
MD","Groceries",,
"E","03/04/2015",10.08,"GIANT FOOD","Groceries","AmExpress Visa","229 KENTLANDS BLVD
GAITHERSBURG
MD","Groceries",,
"I","03/06/2015",-100.00,"AMEX VISA","1000 dollars within 92 days of acquisition 
 ","AmExpress Visa","229 KENTLANDS BLVD
GAITHERSBURG
MD","Rebate",,
"E","03/07/2015",35.52,"WHOLE FOODS MARKET","Groceries","AmExpress Visa","316 KENTLANDS BLVD
GAITHERSBURG
MD","Groceries",,
"E","03/11/2015",29.03,"GIANT FOOD","Groceries","AmExpress Visa","229 KENTLANDS BLVD
GAITHERSBURG
MD","Groceries",,
"E","03/12/2015",13.77,"HOMEGOODS","Unknown","AmExpress Visa","602 QUINCE ORCHARD RD
GAITHERSBURG
MD","Office Supplies",,
"E","03/12/2015",11.12,"JOANN FABRICS CRAFTS","Fabric","AmExpress Visa","2 BUREAU DR
STE A
GAITHERSBURG
MD","Home",,
"E","03/12/2015",23.81,"MICHAELS","Art Supplies","AmExpress Visa","821 CENTER POINT WAY
GAITHERSBURG
MD","Art Supplies",,
"E","03/12/2015",36.20,"WHOLE FOODS MARKET","Groceries","AmExpress Visa","316 KENTLANDS BLVD
GAITHERSBURG
MD","Groceries",,
"E","03/14/2015",31.34,"GIANT FOOD","Groceries","AmExpress Visa","229 KENTLANDS BLVD
GAITHERSBURG
MD","Groceries",,
"E","03/15/2015",16.41,"SAFEWAY","Groceries","AmExpress Visa","10104 RIVER RD
POTOMAC
MD","Groceries",,
"E","03/18/2015",40.68,"GIANT FOOD","Groceries","AmExpress Visa","229 KENTLANDS BLVD
GAITHERSBURG
MD","Groceries",,
"E","03/21/2015",63.75,"WHOLE FOODS MARKET","Groceries","AmExpress Visa","316 KENTLANDS BLVD
GAITHERSBURG
MD","Groceries",,
"E","03/22/2015",20.58,"GIANT 150","Groceries","AmExpress Visa","46 BUREAU DR
GAITHERSBURG
MD","Groceries",,
"E","03/22/2015",43.04,"OPEN ROAD","Restaurant","AmExpress Visa","8100 LEE HIGHWAY
FALLS CHRURCH
VA","Restaurant",,
"E","03/23/2015",4.97,"GIANT FOOD","Groceries","AmExpress Visa","229 KENTLANDS BLVD
GAITHERSBURG
MD","Groceries",,
"E","03/25/2015",32.93,"GIANT FOOD","Groceries","AmExpress Visa","229 KENTLANDS BLVD
GAITHERSBURG
MD","Groceries",,
"E","03/25/2015",8.48,"STAPLES","Pens","AmExpress Visa","660 QUINCE ORCHARD RD
GAITHERSBURG
MD","Office Supplies",,
"E","03/29/2015",60.02,"GIANT FOOD","Groceries","AmExpress Visa","229 KENTLANDS BLVD
GAITHERSBURG
MD","Groceries",,
"E","03/31/2015",25.72,"MICHAELS","Art Supplies","AmExpress Visa","821 CENTER POINT WAY
GAITHERSBURG
MD","Art Supplies",,
"E","03/31/2015",78.53,"WHOLE FOODS MARKET","Groceries","AmExpress Visa","316 KENTLANDS BLVD
GAITHERSBURG
MD","Groceries",,
"E","04/02/2015",8.21,"WHOLE FOODS MARKET","Groceries","AmExpress Visa","316 KENTLANDS BLVD
GAITHERSBURG
MD","Groceries",,
"E","04/04/2015",17.83,"GIANT 346","Gas","AmExpress Visa","5310 NEW DESIGN RD
FREDERICK
MD","Gas",,
"E","04/04/2015",11.95,"MOM'S ORGANIC MARKET","Groceries","AmExpress Visa","5273 BUCKEYSTOWN PIKE
FREDERICK
MD","Groceries",,
"E","04/04/2015",32.06,"MOM'S ORGANIC MARKET","Groceries","AmExpress Visa","5273 BUCKEYSTOWN PIKE
FREDERICK
MD","Groceries",,
"E","04/06/2015",45.76,"GIANT FOOD","Groceries","AmExpress Visa","229 KENTLANDS BLVD
GAITHERSBURG
MD","Groceries",,
"E","04/07/2015",7.43,"WHOLE FOODS MARKET","Groceries","AmExpress Visa","316 KENTLANDS BLVD
GAITHERSBURG
MD","Groceries",,
"E","04/09/2015",14.32,"MICHAELS","Art Supplies","AmExpress Visa","821 CENTER POINT WAY
GAITHERSBURG
MD","Art Supplies",,
"E","04/11/2015",26.35,"WHOLE FOODS MARKET","Groceries","AmExpress Visa","316 KENTLANDS BLVD
GAITHERSBURG
MD","Groceries",,
"E","04/12/2015",15.37,"GIANT 150","Groceries","AmExpress Visa","46 BUREAU DR
GAITHERSBURG
MD","Groceries",,
"E","04/12/2015",18.19,"SAINT LOUIS BREAD","Restaurant","AmExpress Visa","8191 STRAWBERRY LANE
FALLS CHURCH
VA","Restaurant",,
"E","04/12/2015",10.07,"SAFEWAY","Groceries","AmExpress Visa","7397 LEE HWY
FALLS CHURCH
VA","Groceries",,
"E","04/13/2015",42.39,"BARNES & NOBLE","Books","AmExpress Visa","21 GRAND CORNER AVE
GAITHERSBURG
MD","Books",,
"E","04/13/2015",3.50,"GIANT 368","Groceries","AmExpress Visa","842 MUDDY BRANCH RD
GAITHERSBURG
MD","Groceries",,
"E","04/15/2015",28.92,"GIANT FOOD","Groceries","AmExpress Visa","229 KENTLANDS BLVD
GAITHERSBURG
MD","Groceries",,
"E","04/16/2015",4.21,"LOWE'S","Unknown","AmExpress Visa","40 MARKET ST
GAITHERSBURG
MD","Hardware",,
"E","04/19/2015",8.68,"PANERA BREAD","Restaurant","AmExpress Visa","285 KENTLANDS BLVD
GAITHERSBURG
MD","Restaurant",,
"E","04/19/2015",50.10,"WHOLE FOODS MARKET","Groceries","AmExpress Visa","316 KENTLANDS BLVD
GAITHERSBURG
MD","Groceries",,
"E","04/20/2015",11.75,"ARCLIFGHT BETHESDA","Movies","AmExpress Visa","7101 DEMOCRACY BLVD
BETHESDA
MD","Movies",,
"E","04/20/2015",1.00,"GIANT 150","Groceries","AmExpress Visa","46 BUREAU DR
GAITHERSBURG
MD","Groceries",,
"E","04/22/2015",31.50,"ELEPHANT JUMPS","Restaurant","AmExpress Visa","8110 ARLINGTON BLVD
FALLS CHURCH
VA","Restaurant",,
"E","04/22/2015",10.99,"GIANT FOOD","Groceries","AmExpress Visa","229 KENTLANDS BLVD
GAITHERSBURG
MD","Groceries",,
"E","04/22/2015",53.51,"GIANT FOOD","Groceries","AmExpress Visa","229 KENTLANDS BLVD
GAITHERSBURG
MD","Groceries",,
"E","04/22/2015",23.72,"SHELL","Gas","AmExpress Visa","12700 NORTHBOROUGH DR
HOUSTON
TX","Gas",,
"E","04/23/2015",11.07,"GIANT FOOD","Groceries","AmExpress Visa","229 KENTLANDS BLVD
GAITHERSBURG
MD","Groceries",,
"E","04/26/2015",22.63,"SAINT LOUIS BREAD","Restaurant","AmExpress Visa","8191 STRAWBERRY LANE
FALLS CHURCH
VA","Restaurant",,
"E","04/26/2015",24.58,"WHOLE FOODS MARKET","Groceries","AmExpress Visa","316 KENTLANDS BLVD
GAITHERSBURG
MD","Groceries",,
"E","04/29/2015",17.61,"GIANT FOOD","Groceries","AmExpress Visa","229 KENTLANDS BLVD
GAITHERSBURG
MD","Groceries",,
"E","05/03/2015",22.13,"WHOLE FOODS MARKET","Groceries","AmExpress Visa","316 KENTLANDS BLVD
GAITHERSBURG
MD","Groceries",,
"E","05/03/2015",10.74,"WHOLE FOODS MARKET","Groceries","AmExpress Visa","7511 LEESBURG PIKE
FALLS CHURCH
VA","Groceries",,
"E","05/04/2015",57.18,"POTOMAC GARDEN CENTER","Flowers","AmExpress Visa","8710 FINGERBOARD RD
FREDERICK
MD","Garden",,
"E","05/05/2015",6.50,"GIANT FOOD","Groceries","AmExpress Visa","229 KENTLANDS BLVD
GAITHERSBURG
MD","Groceries",,
"E","05/05/2015",23.90,"GIANT FOOD","Groceries","AmExpress Visa","229 KENTLANDS BLVD
GAITHERSBURG
MD","Groceries",,
"E","05/05/2015",29.12,"WHOLE FOODS MARKET","Groceries","AmExpress Visa","316 KENTLANDS BLVD
GAITHERSBURG
MD","Groceries",,
"E","05/06/2015",17.64,"LOWE'S","Unknown","AmExpress Visa","40 MARKET ST
GAITHERSBURG
MD","Hardware",,
"E","05/07/2015",25.65,"GIANT FOOD","Groceries","AmExpress Visa","229 KENTLANDS BLVD
GAITHERSBURG
MD","Groceries",,
"E","05/12/2015",7.38,"GIANT FOOD","Groceries","AmExpress Visa","229 KENTLANDS BLVD
GAITHERSBURG
MD","Groceries",,
"E","05/12/2015",73.16,"GIANT FOOD","Groceries","AmExpress Visa","229 KENTLANDS BLVD
GAITHERSBURG
MD","Groceries",,
"E","05/16/2015",22.25,"SEARS","Clothes","AmExpress Visa","701 RUSSELL AVE
STE 1
GAITHERSBURG
MD","Clothes",,
"E","05/16/2015",50.90,"SEARS","Clothes","AmExpress Visa","701 RUSSELL AVE
STE 1
GAITHERSBURG
MD","Clothes",,
"E","05/16/2015",11.07,"TRADER JOE'S","Groceries","AmExpress Visa","18270 CONTOUR RD
MONTGOMERY VILLAGE
MD","Groceries",,
"E","05/16/2015",30.73,"WHOLE FOODS MARKET","Groceries","AmExpress Visa","316 KENTLANDS BLVD
GAITHERSBURG
MD","Groceries",,
"E","05/18/2015",45.37,"GIANT FOOD","Groceries","AmExpress Visa","229 KENTLANDS BLVD
GAITHERSBURG
MD","Groceries",,
"E","05/19/2015",16.88,"GIANT FOOD","Groceries","AmExpress Visa","229 KENTLANDS BLVD
GAITHERSBURG
MD","Groceries",,
"E","05/20/2015",8.47,"GIANT FOOD","Groceries","AmExpress Visa","229 KENTLANDS BLVD
GAITHERSBURG
MD","Groceries",,
"E","05/22/2015",13.84,"GIANT FOOD","Groceries","AmExpress Visa","229 KENTLANDS BLVD
GAITHERSBURG
MD","Groceries",,
"E","05/23/2015",49.47,"WHOLE FOODS MARKET","Groceries","AmExpress Visa","316 KENTLANDS BLVD
GAITHERSBURG
MD","Groceries",,
"E","05/24/2015",36.99,"GIANT FOOD","Groceries","AmExpress Visa","229 KENTLANDS BLVD
GAITHERSBURG
MD","Groceries",,
"E","05/24/2015",10.98,"LOWE'S","Unknown","AmExpress Visa","40 MARKET ST
GAITHERSBURG
MD","Hardware",,
"E","05/24/2015",171.50,"TKTS.COM WA NATIONALS","Baseball game","AmExpress Visa","555 ANTON BLVD
COSTA MESA
CA","Sports","Gift",
"E","05/26/2015",18.92,"GIANT 150","Groceries","AmExpress Visa","46 BUREAU DR
GAITHERSBURG
MD","Groceries",,
"E","05/28/2015",47.86,"GIANT FOOD","Groceries","AmExpress Visa","229 KENTLANDS BLVD
GAITHERSBURG
MD","Groceries",,
"E","05/28/2015",8.46,"LOWE'S","Unknown","AmExpress Visa","40 MARKET ST
GAITHERSBURG
MD","Hardware",,
"E","05/30/2015",77.69,"WHOLE FOODS MARKET","Groceries","AmExpress Visa","316 KENTLANDS BLVD
GAITHERSBURG
MD","Groceries",,
"E","06/02/2015",25.00,"GIANT FOOD","Groceries","AmExpress Visa","229 KENTLANDS BLVD
GAITHERSBURG
MD","Groceries",,
"E","06/02/2015",7.56,"WHOLE FOODS MARKET","Groceries","AmExpress Visa","316 KENTLANDS BLVD
GAITHERSBURG
MD","Groceries",,
"E","06/04/2015",24.30,"GIANT FOOD","Groceries","AmExpress Visa","229 KENTLANDS BLVD
GAITHERSBURG
MD","Groceries",,
"E","06/04/2015",4.16,"CAPITAL","Unknown","AmExpress Visa","900 BRENTWOOD RD NE
WASHINGTON
DC","Unknown",,
"E","06/06/2015",18.74,"WHOLE FOODS MARKET","Groceries","AmExpress Visa","316 KENTLANDS BLVD
GAITHERSBURG
MD","Groceries",,
"E","06/08/2015",21.57,"GIANT FOOD","Groceries","AmExpress Visa","229 KENTLANDS BLVD
GAITHERSBURG
MD","Groceries",,
"E","06/08/2015",37.21,"WHOLE FOODS MARKET","Groceries","AmExpress Visa","316 KENTLANDS BLVD
GAITHERSBURG
MD","Groceries",,
"E","06/09/2015",7.41,"GIANT 150","Groceries","AmExpress Visa","46 BUREAU DR
GAITHERSBURG
MD","Groceries",,
"E","06/11/2015",11.54,"SAFEWAY","Groceries","AmExpress Visa","14939 SHADY GROVE RD
ROCKVILLE
MD","Groceries",,
"E","06/12/2015",204.90,"CMS MEDICARE DATA FEE","Medicare","AmExpress Visa","7500 SECURITY BLVD
MSC N1-15-03
BALTIMORE
MD","Health Insurance",,
"E","06/14/2015",28.77,"GIANT 150","Groceries","AmExpress Visa","46 BUREAU DR
GAITHERSBURG
MD","Groceries",,
"E","06/14/2015",20.94,"SAINT LOUIS BREAD","Restaurant 
 ","AmExpress Visa","8191 STRAWBERRY LANE
FALLS CHURCH
VA","Restaurant",,
"E","06/15/2015",1.79,"GIANT FOOD","Groceries","AmExpress Visa","229 KENTLANDS BLVD
GAITHERSBURG
MD","Groceries",,
"E","06/15/2015",59.15,"WHOLE FOODS MARKET","Groceries","AmExpress Visa","316 KENTLANDS BLVD
GAITHERSBURG
MD","Groceries",,
"E","06/16/2015",11.67,"GIANT FOOD","Groceries","AmExpress Visa","229 KENTLANDS BLVD
GAITHERSBURG
MD","Groceries",,
"E","06/16/2015",29.05,"GIANT FOOD","Groceries","AmExpress Visa","229 KENTLANDS BLVD
GAITHERSBURG
MD","Groceries",,
"E","06/20/2015",64.29,"GIANT FOOD","Groceries","AmExpress Visa","229 KENTLANDS BLVD
GAITHERSBURG
MD","Groceries",,
"E","06/21/2015",11.64,"LOWE'S","Unknown","AmExpress Visa","40 MARKET ST
GAITHERSBURG
MD","Hardware",,
"E","06/21/2015",16.60,"WHOLE FOODS MARKET","Groceries","AmExpress Visa","316 KENTLANDS BLVD
GAITHERSBURG
MD","Groceries",,
"E","06/22/2015",37.16,"GIANT FOOD","Groceries","AmExpress Visa","229 KENTLANDS BLVD
GAITHERSBURG
MD","Groceries",,
"E","06/24/2015",53.63,"WHOLE FOODS MARKET","Groceries","AmExpress Visa","316 KENTLANDS BLVD
GAITHERSBURG
MD","Groceries",,
"E","06/28/2015",52.01,"GIANT FOOD","Groceries","AmExpress Visa","229 KENTLANDS BLVD
GAITHERSBURG
MD","Groceries",,
"E","06/29/2015",31.51,"WHOLE FOODS MARKET","Groceries","AmExpress Visa","316 KENTLANDS BLVD
GAITHERSBURG
MD","Groceries",,
"E","06/30/2015",31.94,"GIANT 150","Groceries","AmExpress Visa","46 BUREAU DR
GAITHERSBURG
MD","Groceries",,
"E","07/03/2015",32.90,"WEGMANS","Groceries","AmExpress Visa","6789 EAST GENESEE ST
FAYETTEVILLE
NY","Groceries",,
"E","07/05/2015",4.43,"BURGER KING","Restaurant","AmExpress Visa","427 N CHURCH ST
THURMONT
MD","Restaurant",,
"E","07/06/2015",13.75,"WA NATIONALS","Restaurant","AmExpress Visa","1500 S CAPITOL ST SE
WASHINGTON
DC","Restaurant",,
"E","07/06/2015",4.85,"WA METRO ATA EXPRESS VDNR","Parking","AmExpress Visa","600 5TH ST NW
WASHINGTON
DC","Parking",,
"E","07/09/2015",65.83,"WHOLE FOODS MARKET","Groceries","AmExpress Visa","316 KENTLANDS BLVD
GAITHERSBURG
MD","Groceries",,
"I","07/09/2015",-100.00,"AMEX VISA","Cash Back","AmExpress Visa",,"Rebate",,
"E","07/10/2015",4.58,"GIANT FOOD","Groceries","AmExpress Visa","229 KENTLANDS BLVD
GAITHERSBURG
MD","Groceries",,
"E","07/10/2015",13.47,"GIANT FOOD","Groceries","AmExpress Visa","229 KENTLANDS BLVD
GAITHERSBURG
MD","Groceries",,
"E","07/13/2015",159.20,"CMS MEDICARE DATA FEE","Medicare","AmExpress Visa","7500 SECURITY BLVD
MSC N1-15-03
BALTIMORE
MD","Health Insurance",,
"E","07/13/2015",50.58,"GIANT FOOD","Groceries","AmExpress Visa","229 KENTLANDS BLVD
GAITHERSBURG
MD","Groceries",,
"E","07/18/2015",67.14,"WHOLE FOODS MARKET","Groceries","AmExpress Visa","316 KENTLANDS BLVD
GAITHERSBURG
MD","Groceries",,
"E","07/19/2015",22.00,"AFC MOSAIC THEATER","Movies","AmExpress Visa","2911 DISTRICT AVE STE 200
FAIRFAX
VA","Movies",,
"E","07/19/2015",33.09,"OPEN ROAD","Restaurant","AmExpress Visa","8100 LEE HIGHWAY
FALLS CHRURCH
VA","Restaurant",,
"E","07/20/2015",36.86,"GIANT FOOD","Groceries","AmExpress Visa","229 KENTLANDS BLVD
GAITHERSBURG
MD","Groceries",,
"E","07/21/2015",158.99,"VERIZON WRLS","SmartPhone","AmExpress Visa","472 N FREDERICK AVE
GAITHERSBURG
MD","Telephone",,
"E","07/22/2015",27.92,"WHOLE FOODS MARKET","Groceries","AmExpress Visa","316 KENTLANDS BLVD
GAITHERSBURG
MD","Groceries",,
"E","07/24/2015",26.18,"GIANT FOOD","Groceries","AmExpress Visa","229 KENTLANDS BLVD
GAITHERSBURG
MD","Groceries",,
"E","07/24/2015",45.18,"WHOLE FOODS MARKET","Groceries","AmExpress Visa","316 KENTLANDS BLVD
GAITHERSBURG
MD","Groceries",,
"E","07/26/2015",12.28,"SAFEWAY","Groceries","AmExpress Visa","7397 LEE HWY
FALLS CHURCH
VA","Groceries",,
"E","07/28/2015",39.88,"GIANT FOOD","Groceries","AmExpress Visa","229 KENTLANDS BLVD
GAITHERSBURG
MD","Groceries",,
"E","07/29/2015",9.09,"SAINT LOUIS BREAD","Restaurant","AmExpress Visa","8191 STRAWBERRY LANE
FALLS CHURCH
VA","Restaurant",,
"E","07/31/2015",20.68,"TOPS MARKETS","Groceries","AmExpress Visa","71 NELSON ST
CAZENOVIA
NY","Groceries",,
"E","08/03/2015",309.40,"WEGMANS","Groceries","AmExpress Visa","6789 EAST GENESEE ST
FAYETTEVILLE
NY","Groceries",,
"E","08/04/2015",14.08,"WEGMANS","Groceries","AmExpress Visa","4722 ONONDAGA BLVD
SYRACUSE
NY","Groceries",,
"E","08/06/2015",21.83,"TOPS MARKETS","Groceries","AmExpress Visa","71 NELSON ST
CAZENOVIA
NY","Groceries",,
"E","08/07/2015",14.22,"TOPS MARKETS","Groceries","AmExpress Visa","71 NELSON ST
CAZENOVIA
NY","Groceries",,
"E","08/08/2015",27.28,"SUN REFINING & MARKETTING","Gas","AmExpress Visa","PO BOX 2301
TULSA
OK","Gas",,
"E","08/11/2015",42.01,"GIANT FOOD","Groceries","AmExpress Visa","229 KENTLANDS BLVD
GAITHERSBURG
MD","Groceries",,
"E","08/15/2015",57.47,"GIANT FOOD","Groceries","AmExpress Visa","229 KENTLANDS BLVD
GAITHERSBURG
MD","Groceries",,
"E","08/18/2015",45.85,"WEGMANS","Groceries","AmExpress Visa","20600 SENECA MEADOWS PARKWAY
GERMANTOWN
MD","Groceries",,
"E","08/19/2015",9.28,"GIANT FOOD","Groceries","AmExpress Visa","229 KENTLANDS BLVD
GAITHERSBURG
MD","Groceries",,
"E","08/22/2015",51.66,"GIANT FOOD","Groceries","AmExpress Visa","229 KENTLANDS BLVD
GAITHERSBURG
MD","Groceries",,
"E","08/22/2015",29.43,"WHOLE FOODS MARKET","Groceries","AmExpress Visa","316 KENTLANDS BLVD
GAITHERSBURG
MD","Groceries",,
"E","08/23/2015",11.28,"GIANT 161","Groceries","AmExpress Visa","16837 CRABBS BRANCH WAY
DERWOOD
MD","Groceries",,
"E","08/26/2015",4.79,"GIANT FOOD","Groceries","AmExpress Visa","229 KENTLANDS BLVD
GAITHERSBURG
MD","Groceries",,
"E","08/27/2015",28.22,"TOPS MARKETS","Groceries","AmExpress Visa","71 NELSON ST
CAZENOVIA
NY","Groceries",,
"E","08/30/2015",8.96,"DE RUYTER BIG M SUPERMARKET","Groceries","AmExpress Visa","413 STATE HWY 13
DE RUYTER
NY","Groceries",,
"E","09/03/2015",159.20,"CMS MEDICARE DATA FEE","Medicare","AmExpress Visa","7500 SECURITY BLVD
MSC N1-15-03
BALTIMORE
MD","Health Insurance",,
"E","09/03/2015",16.32,"P & C FOODS","Groceries","AmExpress Visa","164 CLINTON AVE
CORTLAND
NY","Groceries",,
"E","09/03/2015",86.55,"WEGMANS","Groceries","AmExpress Visa","20600 SENECA MEADOWS PARKWAY
GERMANTOWN
MD","Groceries",,
"E","09/05/2015",40.48,"GIANT FOOD","Groceries","AmExpress Visa","229 KENTLANDS BLVD
GAITHERSBURG
MD","Groceries",,
"E","09/06/2015",65.98,"GIANT FOOD","Groceries","AmExpress Visa","229 KENTLANDS BLVD
GAITHERSBURG
MD","Groceries",,
"E","09/07/2015",1.44,"GIANT FOOD","Groceries","AmExpress Visa","229 KENTLANDS BLVD
GAITHERSBURG
MD","Groceries",,
"E","09/07/2015",15.18,"GIANT FOOD","Groceries","AmExpress Visa","229 KENTLANDS BLVD
GAITHERSBURG
MD","Groceries",,
"E","09/07/2015",12.92,"WHOLE FOODS MARKET","Groceries","AmExpress Visa","316 KENTLANDS BLVD
GAITHERSBURG
MD","Groceries",,
"E","09/08/2015",31.12,"CRONIG'S MARKET S","Groceries","AmExpress Visa","109 STATE RD
VINEYARD HAVEN
MA","Groceries",,
"E","09/09/2015",55.02,"CRONIG'S MARKET S","Groceries","AmExpress Visa","109 STATE RD
VINEYARD HAVEN
MA","Groceries",,
"E","09/10/2015",159.20,"CMS MEDICARE DATA FEE","Medicare","AmExpress Visa","7500 SECURITY BLVD
MSC N1-15-03
BALTIMORE
MD","Health Insurance",,
"E","09/11/2015",32.61,"STOP & SHOP","Groceries","AmExpress Visa","225 UPPER MAIN ST
EDGARTOWN
MA","Groceries",,
"E","09/11/2015",9.15,"STOP&SHOP PHARMACY","Groceries","AmExpress Visa","245 EDGARTOWN VINEYARD H
EDGARTOWN
MA","Groceries",,
"E","09/12/2015",24.57,"STOP & SHOP","Groceries","AmExpress Visa","18 WATER ST
VINEYARD HAVEN
MA","Groceries",,
"E","09/13/2015",2.79,"STOP & SHOP","Groceries","AmExpress Visa","18 WATER ST
VINEYARD HAVEN
MA","Groceries",,
"E","09/16/2015",41.13,"WHOLE FOODS MARKET","Groceries","AmExpress Visa","316 KENTLANDS BLVD
GAITHERSBURG
MD","Groceries",,
"E","09/17/2015",22.33,"GIANT FOOD","Groceries","AmExpress Visa","229 KENTLANDS BLVD
GAITHERSBURG
MD","Groceries",,
"E","09/17/2015",21.50,"WHOLE FOODS MARKET","Groceries","AmExpress Visa","316 KENTLANDS BLVD
GAITHERSBURG
MD","Groceries",,
"E","09/20/2015",18.64,"GIANT 150","Groceries","AmExpress Visa","46 BUREAU DR
GAITHERSBURG
MD","Groceries",,
"E","09/21/2015",27.31,"GIANT FOOD","Groceries","AmExpress Visa","229 KENTLANDS BLVD
GAITHERSBURG
MD","Groceries",,
"E","09/23/2015",15.60,"GIANT 150","Groceries","AmExpress Visa","46 BUREAU DR
GAITHERSBURG
MD","Groceries",,
"E","09/24/2015",28.73,"GIANT FOOD","Groceries","AmExpress Visa","229 KENTLANDS BLVD
GAITHERSBURG
MD","Groceries",,
"E","09/26/2015",11.49,"GIANT FOOD","Groceries","AmExpress Visa","229 KENTLANDS BLVD
GAITHERSBURG
MD","Groceries",,
"E","09/27/2015",21.47,"GIANT FOOD","Groceries","AmExpress Visa","229 KENTLANDS BLVD
GAITHERSBURG
MD","Groceries",,
"E","09/28/2015",17.59,"GIANT FOOD","Groceries","AmExpress Visa","229 KENTLANDS BLVD
GAITHERSBURG
MD","Groceries",,
"E","09/30/2015",18.58,"GIANT 368","Groceries","AmExpress Visa","842 MUDDY BRANCH RD
GAITHERSBURG
MD","Groceries",,
"E","10/01/2015",32.64,"GIANT FOOD","Groceries","AmExpress Visa","229 KENTLANDS BLVD
GAITHERSBURG
MD","Groceries",,
"E","10/04/2015",40.58,"GIANT FOOD","Groceries","AmExpress Visa","229 KENTLANDS BLVD
GAITHERSBURG
MD","Groceries",,
"E","10/06/2015",47.72,"GIANT FOOD","Groceries","AmExpress Visa","229 KENTLANDS BLVD
GAITHERSBURG
MD","Groceries",,
"E","10/10/2015",74.31,"GIANT FOOD","Groceries","AmExpress Visa","229 KENTLANDS BLVD
GAITHERSBURG
MD","Groceries",,
"E","10/11/2015",32.34,"WHOLE FOODS MARKET","Groceries","AmExpress Visa","316 KENTLANDS BLVD
GAITHERSBURG
MD","Groceries",,
"I","10/14/2015",-5.00,"WEGMANS","Refund","AmExpress Visa","20600 SENECA MEADOWS PARKWAY
GERMANTOWN
MD","Groceries",,
"E","10/14/2015",67.28,"WEGMANS","Groceries","AmExpress Visa","20600 SENECA MEADOWS PARKWAY
GERMANTOWN
MD","Groceries",,
"E","10/17/2015",31.87,"GIANT FOOD","Groceries","AmExpress Visa","229 KENTLANDS BLVD
GAITHERSBURG
MD","Groceries",,
"E","10/17/2015",28.01,"WHOLE FOODS MARKET","Groceries","AmExpress Visa","316 KENTLANDS BLVD
GAITHERSBURG
MD","Groceries",,
"E","10/21/2015",54.58,"GIANT FOOD","Groceries","AmExpress Visa","229 KENTLANDS BLVD
GAITHERSBURG
MD","Groceries",,
"E","10/24/2015",66.10,"GIANT FOOD","Groceries","AmExpress Visa","229 KENTLANDS BLVD
GAITHERSBURG
MD","Groceries",,
"E","10/28/2015",21.49,"GIANT FOOD","Groceries","AmExpress Visa","229 KENTLANDS BLVD
GAITHERSBURG
MD","Groceries",,
"E","10/29/2015",17.76,"GIANT FOOD","Groceries","AmExpress Visa","229 KENTLANDS BLVD
GAITHERSBURG
MD","Groceries",,
"E","10/31/2015",52.74,"WHOLE FOODS MARKET","Groceries","AmExpress Visa","316 KENTLANDS BLVD
GAITHERSBURG
MD","Groceries",,
"E","11/04/2015",60.45,"GIANT FOOD","Groceries","AmExpress Visa","229 KENTLANDS BLVD
GAITHERSBURG
MD","Groceries",,
"E","11/09/2015",19.61,"GIANT FOOD","Groceries","AmExpress Visa","229 KENTLANDS BLVD
GAITHERSBURG
MD","Groceries",,
"E","11/09/2015",22.98,"GIANT FOOD","Groceries","AmExpress Visa","229 KENTLANDS BLVD
GAITHERSBURG
MD","Groceries",,
"E","11/10/2015",36.36,"WHOLE FOODS MARKET","Groceries","AmExpress Visa","316 KENTLANDS BLVD
GAITHERSBURG
MD","Groceries",,
"E","11/12/2015",37.83,"GIANT FOOD","Groceries","AmExpress Visa","229 KENTLANDS BLVD
GAITHERSBURG
MD","Groceries",,
"E","11/17/2015",22.90,"GIANT FOOD","Groceries","AmExpress Visa","229 KENTLANDS BLVD
GAITHERSBURG
MD","Groceries",,
"E","11/18/2015",69.02,"GIANT FOOD","Groceries","AmExpress Visa","229 KENTLANDS BLVD
GAITHERSBURG
MD","Groceries",,
"E","11/22/2015",27.59,"GIANT FOOD","Groceries","AmExpress Visa","229 KENTLANDS BLVD
GAITHERSBURG
MD","Groceries",,
"E","11/23/2015",49.31,"AMAZON.COM","Unknown","AmExpress Visa","1516 2ND AVE
SEATTLE
WA","Unknown",,
"E","11/25/2015",69.17,"WHOLE FOODS MARKET","Groceries","AmExpress Visa","316 KENTLANDS BLVD
GAITHERSBURG
MD","Groceries",,
"E","11/27/2015",34.65,"GIANT FOOD","Groceries","AmExpress Visa","229 KENTLANDS BLVD
GAITHERSBURG
MD","Groceries",,
"E","12/04/2015",85.64,"GIANT FOOD","Groceries","AmExpress Visa","229 KENTLANDS BLVD
GAITHERSBURG
MD","Groceries",,
"E","12/05/2015",44.43,"WHOLE FOODS MARKET","Groceries","AmExpress Visa","316 KENTLANDS BLVD
GAITHERSBURG
MD","Groceries",,
"E","12/11/2015",17.02,"GIANT 150","Groceries","AmExpress Visa","46 BUREAU DR
GAITHERSBURG
MD","Groceries",,
"E","12/14/2015",24.18,"GIANT FOOD","Groceries","AmExpress Visa","229 KENTLANDS BLVD
GAITHERSBURG
MD","Groceries",,
"E","12/15/2015",30.30,"LOTTE PLAZA","Groceries","AmExpress Visa","221 MUDDY BRANCH RD
GAITHERSBURG
MD","Groceries",,
"E","12/16/2015",24.93,"GIANT FOOD","Groceries","AmExpress Visa","229 KENTLANDS BLVD
GAITHERSBURG
MD","Groceries",,
"E","12/17/2015",76.39,"WHOLE FOODS MARKET","Groceries","AmExpress Visa","316 KENTLANDS BLVD
GAITHERSBURG
MD","Groceries",,
"E","12/18/2015",27.58,"GIANT FOOD","Groceries","AmExpress Visa","229 KENTLANDS BLVD
GAITHERSBURG
MD","Groceries",,
"E","12/19/2015",27.99,"AMAZON MARKEPLACE","Books","AmExpress Visa","440 TERRY AVE N
SEATTLE
WA","Books",,
"E","12/19/2015",50.78,"AMAZON MARKEPLACE","Books","AmExpress Visa","440 TERRY AVE N
SEATTLE
WA","Books",,
"I","12/20/2015",-15.00,"AMAZON.COM","Rebate","AmExpress Visa","1516 2ND AVE
SEATTLE
WA","Rebate",,
"E","12/20/2015",10.58,"GIANT FOOD","Groceries","AmExpress Visa","229 KENTLANDS BLVD
GAITHERSBURG
MD","Groceries",,
"E","12/22/2015",36.19,"GIANT FOOD","Groceries","AmExpress Visa","229 KENTLANDS BLVD
GAITHERSBURG
MD","Groceries",,
"E","12/23/2015",36.14,"WHOLE FOODS MARKET","Groceries","AmExpress Visa","316 KENTLANDS BLVD
GAITHERSBURG
MD","Groceries",,
"E","12/24/2015",35.16,"HARRIS TEETER","Groceries","AmExpress Visa","14101 DARNESTOWN RD
DARNESTOWN
MD","Groceries",,
"E","12/27/2015",9.68,"GIANT FOOD","Groceries","AmExpress Visa","229 KENTLANDS BLVD
GAITHERSBURG
MD","Groceries",,
"E","12/30/2015",49.86,"GIANT FOOD","Groceries","AmExpress Visa","LOEHMANNS PLAZA 7249
FALLS CHURCH
VA","Groceries",,
"E","12/30/2015",6.51,"SAINT LOUIS BREAD","Restaurant","AmExpress Visa","8191 STRAWBERRY LANE
FALLS CHURCH
VA","Restaurant",,
"E","12/31/2015",34.97,"WHOLE FOODS MARKET","Groceries","AmExpress Visa","316 KENTLANDS BLVD
GAITHERSBURG
MD","Groceries",,
